"data","stato","codice_regione","denominazione_regione","lat","long","ricoverati_con_sintomi","terapia_intensiva","totale_ospedalizzati","isolamento_domiciliare","totale_positivi","variazione_totale_positivi","nuovi_positivi","dimessi_guariti","deceduti","totale_casi","tamponi","casi_testati","ingressi_terapia_intensiva","note_test","note_casi","totale_positivi_test_molecolare","totale_positivi_test_antigenico_rapido","tamponi_test_molecolare","tamponi_test_antigenico_rapido","codice_nuts_1","codice_nuts_2"
"2020-02-24","ITA",3,"Lombardia",45.46679409,9.190347404,76,19,95,71,166,0,166,0,6,172,1463,,,,,,,,,,
"2020-02-25","ITA",3,"Lombardia",45.46679409,9.190347404,79,25,104,127,231,65,68,0,9,240,3700,,,,,,,,,,
"2020-02-26","ITA",3,"Lombardia",45.46679409,9.190347404,79,25,104,145,249,18,18,0,9,258,3208,,,,,,,,,,
"2020-02-27","ITA",3,"Lombardia",45.46679409,9.190347404,172,41,213,136,349,100,145,40,14,403,3320,,,,,,,,,,
"2020-02-28","ITA",3,"Lombardia",45.46679409,9.190347404,235,47,282,192,474,125,128,40,17,531,4835,,,,,,,,,,
"2020-02-29","ITA",3,"Lombardia",45.46679409,9.190347404,256,80,336,216,552,78,84,40,23,615,5723,,,,,,,,,,
"2020-03-01","ITA",3,"Lombardia",45.46679409,9.190347404,406,106,512,375,887,335,369,73,24,984,6879,,,,,,,,,,
"2020-03-02","ITA",3,"Lombardia",45.46679409,9.190347404,478,127,605,472,1077,190,270,139,38,1254,7925,,,,,,,,,,
"2020-03-03","ITA",3,"Lombardia",45.46679409,9.190347404,698,167,865,461,1326,249,266,139,55,1520,9577,,,,,,,,,,
"2020-03-04","ITA",3,"Lombardia",45.46679409,9.190347404,877,209,1086,411,1497,171,300,250,73,1820,12138,,,,,,,,,,
"2020-03-05","ITA",3,"Lombardia",45.46679409,9.190347404,1169,244,1413,364,1777,280,431,376,98,2251,12354,,,,,,,,,,
"2020-03-06","ITA",3,"Lombardia",45.46679409,9.190347404,1622,309,1931,77,2008,231,361,469,135,2612,13556,,,,,,,,,,
"2020-03-07","ITA",3,"Lombardia",45.46679409,9.190347404,1661,359,2020,722,2742,734,808,524,154,3420,15778,,,,,,,,,,
"2020-03-08","ITA",3,"Lombardia",45.46679409,9.190347404,2217,399,2616,756,3372,630,769,550,267,4189,18534,,,,,,,,,,
"2020-03-09","ITA",3,"Lombardia",45.46679409,9.190347404,2802,440,3242,1248,4490,1118,1280,646,333,5469,20135,,,,,,,,,,
"2020-03-10","ITA",3,"Lombardia",45.46679409,9.190347404,3319,466,3785,642,4427,-63,322,896,468,5791,21479,,,,,,,,,,
"2020-03-11","ITA",3,"Lombardia",45.46679409,9.190347404,3852,560,4412,1351,5763,1336,1489,900,617,7280,25629,,,,,,,,,,
"2020-03-12","ITA",3,"Lombardia",45.46679409,9.190347404,4247,605,4852,2044,6896,1133,1445,1085,744,8725,29534,,,,,,,,,,
"2020-03-13","ITA",3,"Lombardia",45.46679409,9.190347404,4435,650,5085,2647,7732,836,1095,1198,890,9820,32700,,,,,,,,,,
"2020-03-14","ITA",3,"Lombardia",45.46679409,9.190347404,4898,732,5630,3429,9059,1327,1865,1660,966,11685,37138,,,,,,,,,,
"2020-03-15","ITA",3,"Lombardia",45.46679409,9.190347404,5500,767,6267,3776,10043,984,1587,2011,1218,13272,40369,,,,,,,,,,
"2020-03-16","ITA",3,"Lombardia",45.46679409,9.190347404,6171,823,6994,3867,10861,818,1377,2368,1420,14649,43565,,,,,,,,,,
"2020-03-17","ITA",3,"Lombardia",45.46679409,9.190347404,6953,879,7832,4263,12095,1234,1571,2485,1640,16220,46449,,,,,,,,,,
"2020-03-18","ITA",3,"Lombardia",45.46679409,9.190347404,7285,924,8209,4057,12266,171,1493,3488,1959,17713,48983,,,,,,,,,,
"2020-03-19","ITA",3,"Lombardia",45.46679409,9.190347404,7387,1006,8393,5545,13938,1672,2171,3778,2168,19884,52244,,,,,,,,,,
"2020-03-20","ITA",3,"Lombardia",45.46679409,9.190347404,7735,1050,8785,6635,15420,1482,2380,4295,2549,22264,57174,,,,,,,,,,
"2020-03-21","ITA",3,"Lombardia",45.46679409,9.190347404,8258,1093,9351,8019,17370,1950,3251,5050,3095,25515,66730,,,,,,,,,,
"2020-03-22","ITA",3,"Lombardia",45.46679409,9.190347404,9439,1142,10581,7304,17885,515,1691,5865,3456,27206,70598,,,,,,,,,,
"2020-03-23","ITA",3,"Lombardia",45.46679409,9.190347404,9266,1183,10449,8461,18910,1025,1555,6075,3776,28761,73242,,,,,,,,,,
"2020-03-24","ITA",3,"Lombardia",45.46679409,9.190347404,9711,1194,10905,8963,19868,958,1942,6657,4178,30703,76695,,,,,,,,,,
"2020-03-25","ITA",3,"Lombardia",45.46679409,9.190347404,10026,1236,11262,9329,20591,723,1643,7281,4474,32346,81666,,,,,,,,,,
"2020-03-26","ITA",3,"Lombardia",45.46679409,9.190347404,10681,1263,11944,10245,22189,1598,2543,7839,4861,34889,87713,,,,,,,,,,
"2020-03-27","ITA",3,"Lombardia",45.46679409,9.190347404,11137,1292,12429,11466,23895,1706,2409,8001,5402,37298,95860,,,,,,,,,,
"2020-03-28","ITA",3,"Lombardia",45.46679409,9.190347404,11152,1319,12471,12038,24509,614,2117,8962,5944,39415,102503,,,,,,,,,,
"2020-03-29","ITA",3,"Lombardia",45.46679409,9.190347404,11613,1328,12941,12451,25392,883,1592,9255,6360,41007,107398,,,,,,,,,,
"2020-03-30","ITA",3,"Lombardia",45.46679409,9.190347404,11815,1330,13145,11861,25006,-386,1154,10337,6818,42161,111057,,,,,,,,,,
"2020-03-31","ITA",3,"Lombardia",45.46679409,9.190347404,11883,1324,13207,11917,25124,118,1047,10885,7199,43208,114640,,,,,,,,,,
"2020-04-01","ITA",3,"Lombardia",45.46679409,9.190347404,11927,1342,13269,12496,25765,641,1565,11415,7593,44773,121449,,,,,,,,,,
"2020-04-02","ITA",3,"Lombardia",45.46679409,9.190347404,11762,1351,13113,12763,25876,111,1292,12229,7960,46065,128286,,,,,,,,,,
"2020-04-03","ITA",3,"Lombardia",45.46679409,9.190347404,11802,1381,13183,13006,26189,313,1455,13020,8311,47520,135051,,,,,,,,,,
"2020-04-04","ITA",3,"Lombardia",45.46679409,9.190347404,12002,1326,13328,13892,27220,1031,1598,13242,8656,49118,141877,,,,,,,,,,
"2020-04-05","ITA",3,"Lombardia",45.46679409,9.190347404,12009,1317,13326,14798,28124,904,1337,13426,8905,50455,149984,,,,,,,,,,
"2020-04-06","ITA",3,"Lombardia",45.46679409,9.190347404,11914,1343,13257,15212,28469,345,1079,13863,9202,51534,154989,,,,,,,,,,
"2020-04-07","ITA",3,"Lombardia",45.46679409,9.190347404,11833,1305,13138,15205,28343,-126,791,14498,9484,52325,159331,,,,,,,,,,
"2020-04-08","ITA",3,"Lombardia",45.46679409,9.190347404,11719,1257,12976,15569,28545,202,1089,15147,9722,53414,167557,,,,,,,,,,
"2020-04-09","ITA",3,"Lombardia",45.46679409,9.190347404,11796,1236,13032,16042,29074,529,1388,15706,10022,54802,176953,,,,,,,,,,
"2020-04-10","ITA",3,"Lombardia",45.46679409,9.190347404,11877,1202,13079,16451,29530,456,1246,16280,10238,56048,186325,,,,,,,,,,
"2020-04-11","ITA",3,"Lombardia",45.46679409,9.190347404,12026,1174,13200,17058,30258,728,1544,16823,10511,57592,196302,,,,,,,,,,
"2020-04-12","ITA",3,"Lombardia",45.46679409,9.190347404,11969,1176,13145,18120,31265,1007,1460,17166,10621,59052,205832,,,,,,,,,,
"2020-04-13","ITA",3,"Lombardia",45.46679409,9.190347404,12028,1143,13171,18764,31935,670,1262,17478,10901,60314,211092,,,,,,,,,,
"2020-04-14","ITA",3,"Lombardia",45.46679409,9.190347404,12077,1122,13199,19164,32363,428,1012,17821,11142,61326,214870,,,,,,,,,,
"2020-04-15","ITA",3,"Lombardia",45.46679409,9.190347404,12043,1074,13117,19804,32921,558,827,17855,11377,62153,221968,,,,,,,,,,
"2020-04-16","ITA",3,"Lombardia",45.46679409,9.190347404,11356,1032,12388,20702,33090,169,941,18396,11608,63094,232674,,,,,,,,,,
"2020-04-17","ITA",3,"Lombardia",45.46679409,9.190347404,10627,971,11598,21836,33434,344,1041,18850,11851,64135,243513,,,,,,,,,,
"2020-04-18","ITA",3,"Lombardia",45.46679409,9.190347404,10042,947,10989,23206,34195,761,1246,19136,12050,65381,255331,,,,,,,,,,
"2020-04-19","ITA",3,"Lombardia",45.46679409,9.190347404,10342,922,11264,23233,34497,302,855,19526,12213,66236,264155,183757,,,,,,,,,
"2020-04-20","ITA",3,"Lombardia",45.46679409,9.190347404,10138,901,11039,23548,34587,90,735,20008,12376,66971,270486,173333,,,,,,,,,
"2020-04-21","ITA",3,"Lombardia",45.46679409,9.190347404,9805,851,10656,23322,33978,-609,960,21374,12579,67931,277197,173333,,,,,,,,,
"2020-04-22","ITA",3,"Lombardia",45.46679409,9.190347404,9692,817,10509,23733,34242,264,1161,22110,12740,69092,290699,184323,,,,,,,,,
"2020-04-23","ITA",3,"Lombardia",45.46679409,9.190347404,9192,790,9982,23891,33873,-369,1073,23352,12940,70165,302715,190451,,,,,,,,,
"2020-04-24","ITA",3,"Lombardia",45.46679409,9.190347404,8791,756,9547,24821,34368,495,1091,23782,13106,71256,314298,196406,,,,,,,,,
"2020-04-25","ITA",3,"Lombardia",45.46679409,9.190347404,8489,724,9213,25260,34473,105,713,24227,13269,71969,326940,202827,,,,,,,,,
"2020-04-26","ITA",3,"Lombardia",45.46679409,9.190347404,8481,706,9187,25979,35166,693,920,24398,13325,72889,337797,208471,,,,,,,,,
"2020-04-27","ITA",3,"Lombardia",45.46679409,9.190347404,7525,680,8205,27236,35441,275,590,24589,13449,73479,342850,211523,,,,,,,,,
"2020-04-28","ITA",3,"Lombardia",45.46679409,9.190347404,7280,655,7935,27809,35744,303,869,25029,13575,74348,351423,216526,,,,,,,,,
"2020-04-29","ITA",3,"Lombardia",45.46679409,9.190347404,7120,634,7754,28368,36122,378,786,25333,13679,75134,365895,223952,,,,,,,,,
"2020-04-30","ITA",3,"Lombardia",45.46679409,9.190347404,6834,605,7439,28772,36211,89,598,25749,13772,75732,376943,229880,,,,,,,,,
"2020-05-01","ITA",3,"Lombardia",45.46679409,9.190347404,6628,563,7191,29282,36473,262,737,26136,13860,76469,390644,236822,,,,,,,,,
"2020-05-02","ITA",3,"Lombardia",45.46679409,9.190347404,6529,545,7074,29593,36667,194,533,26146,14189,77002,403702,243383,,,,,,,,,
"2020-05-03","ITA",3,"Lombardia",45.46679409,9.190347404,6609,532,7141,29785,36926,259,526,26371,14231,77528,410857,247176,,,,,,,,,
"2020-05-04","ITA",3,"Lombardia",45.46679409,9.190347404,6414,532,6946,30361,37307,381,577,26504,14294,78105,418835,251661,,,,,,,,,
"2020-05-05","ITA",3,"Lombardia",45.46679409,9.190347404,6201,509,6710,30382,37092,-215,500,27124,14389,78605,425290,255292,,,,,,,,,
"2020-05-06","ITA",3,"Lombardia",45.46679409,9.190347404,6079,480,6559,25194,31753,-5339,764,33005,14611,79369,439806,262964,,,,,,,,,
"2020-05-07","ITA",3,"Lombardia",45.46679409,9.190347404,5848,480,6328,25687,32015,262,720,33329,14745,80089,455294,262964,,,,,,,,,
"2020-05-08","ITA",3,"Lombardia",45.46679409,9.190347404,5702,400,6102,25881,31983,-32,634,33901,14839,80723,466287,277106,,,,,,,,,
"2020-05-09","ITA",3,"Lombardia",45.46679409,9.190347404,5535,330,5865,24397,30262,-1721,502,36039,14924,81225,477765,282817,,,,,,,,,
"2020-05-10","ITA",3,"Lombardia",45.46679409,9.190347404,5428,348,5776,24414,30190,-72,282,36331,14986,81507,485134,287330,,,,,,,,,
"2020-05-11","ITA",3,"Lombardia",45.46679409,9.190347404,5397,341,5738,24673,30411,221,364,36406,15054,81871,492642,292603,,,,,,,,,
"2020-05-12","ITA",3,"Lombardia",45.46679409,9.190347404,5222,322,5544,25131,30675,264,1033,37113,15116,82904,513244,305152,,,,,,,,,
"2020-05-13","ITA",3,"Lombardia",45.46679409,9.190347404,5007,307,5314,24718,30032,-643,394,38081,15185,83298,524163,310896,,,,,,,,,
"2020-05-14","ITA",3,"Lombardia",45.46679409,9.190347404,4818,297,5115,24841,29956,-76,522,38568,15296,83820,538243,318289,,,,,,,,,
"2020-05-15","ITA",3,"Lombardia",45.46679409,9.190347404,4705,276,4981,22765,27746,-2210,299,40962,15411,84119,550405,325071,,,,,,,,,
"2020-05-16","ITA",3,"Lombardia",45.46679409,9.190347404,4521,268,4789,22890,27679,-67,399,41389,15450,84518,564550,333243,,,,,,,,,
"2020-05-17","ITA",3,"Lombardia",45.46679409,9.190347404,4480,255,4735,22695,27430,-249,326,41895,15519,84844,576359,340164,,,,,,,,,
"2020-05-18","ITA",3,"Lombardia",45.46679409,9.190347404,4482,252,4734,22339,27073,-357,175,42403,15543,85019,581437,343213,,,,,,,,,
"2020-05-19","ITA",3,"Lombardia",45.46679409,9.190347404,4426,244,4670,22621,27291,218,462,42593,15597,85481,596355,353579,,,,,,,,,
"2020-05-20","ITA",3,"Lombardia",45.46679409,9.190347404,4281,231,4512,22159,26671,-620,294,43442,15662,85775,607863,359922,,,,,,,,,
"2020-05-21","ITA",3,"Lombardia",45.46679409,9.190347404,4119,226,4345,22370,26715,44,316,43649,15727,86091,622565,368046,,,,,,,,,
"2020-05-22","ITA",3,"Lombardia",45.46679409,9.190347404,4028,207,4235,21698,25933,-782,293,44667,15784,86384,641593,378934,,,,,,,,,
"2020-05-23","ITA",3,"Lombardia",45.46679409,9.190347404,4026,199,4225,21405,25630,-303,441,45355,15840,86825,658784,389648,,,,,,,,,
"2020-05-24","ITA",3,"Lombardia",45.46679409,9.190347404,4017,197,4214,21400,25614,-16,285,45656,15840,87110,670241,396992,,,,,,,,,
"2020-05-25","ITA",3,"Lombardia",45.46679409,9.190347404,3721,196,3917,21298,25215,-399,148,46169,15874,87258,675882,400252,,,,,,,,,
"2020-05-26","ITA",3,"Lombardia",45.46679409,9.190347404,3622,183,3805,20672,24477,-738,159,47044,15896,87417,685058,405650,,,,,,,,,
"2020-05-27","ITA",3,"Lombardia",45.46679409,9.190347404,3626,175,3801,20236,24037,-440,384,47810,15954,87801,697561,413483,,,,,,,,,
"2020-05-28","ITA",3,"Lombardia",45.46679409,9.190347404,3470,173,3643,19270,22913,-1124,382,49296,15974,88183,713068,422568,,,,,,,,,
"2020-05-29","ITA",3,"Lombardia",45.46679409,9.190347404,3552,173,3725,18958,22683,-230,354,49842,16012,88537,727146,430863,,,,,,,,,
"2020-05-30","ITA",3,"Lombardia",45.46679409,9.190347404,3307,172,3479,18330,21809,-874,221,50870,16079,88758,741447,438415,,,,,,,,,
"2020-05-31","ITA",3,"Lombardia",45.46679409,9.190347404,3131,170,3301,17695,20996,-813,210,51860,16112,88968,753874,445930,,,,,,,,,
"2020-06-01","ITA",3,"Lombardia",45.46679409,9.190347404,3085,167,3252,17609,20861,-135,50,52026,16131,89018,757446,447874,,,,,,,,,
"2020-06-02","ITA",3,"Lombardia",45.46679409,9.190347404,3021,166,3187,17068,20255,-606,187,52807,16143,89205,766122,451502,,,,,,,,,
"2020-06-03","ITA",3,"Lombardia",45.46679409,9.190347404,2995,131,3126,17098,20224,-31,237,53046,16172,89442,777477,458782,,,,,,,,,
"2020-06-04","ITA",3,"Lombardia",45.46679409,9.190347404,2954,125,3079,17145,20224,0,84,53101,16201,89526,780887,460658,,,,,,,,,
"2020-06-05","ITA",3,"Lombardia",45.46679409,9.190347404,2960,120,3080,16773,19853,-371,402,53853,16222,89928,800276,475041,,,,,,,,,
"2020-06-06","ITA",3,"Lombardia",45.46679409,9.190347404,2840,110,2950,16549,19499,-354,142,54322,16249,90070,813972,480566,,,,,,,,,
"2020-06-07","ITA",3,"Lombardia",45.46679409,9.190347404,2801,107,2908,16512,19420,-79,125,54505,16270,90195,821977,485842,,,,,,,,,
"2020-06-08","ITA",3,"Lombardia",45.46679409,9.190347404,2708,107,2815,16504,19319,-101,194,54768,16302,90389,826465,489775,,,,,,,,,
"2020-06-09","ITA",3,"Lombardia",45.46679409,9.190347404,2660,96,2756,15541,18297,-1022,192,55967,16317,90581,836313,496273,,,,,,,,,
"2020-06-10","ITA",3,"Lombardia",45.46679409,9.190347404,2565,98,2663,15194,17857,-440,99,56474,16349,90680,845618,502047,,,,,,,,,
"2020-06-11","ITA",3,"Lombardia",45.46679409,9.190347404,2488,97,2585,14755,17340,-517,252,57218,16374,90932,858994,509853,,,,,,,,,
"2020-06-12","ITA",3,"Lombardia",45.46679409,9.190347404,2357,97,2454,14570,17024,-316,272,57775,16405,91204,873831,519095,,,,,,,,,
"2020-06-13","ITA",3,"Lombardia",45.46679409,9.190347404,2252,96,2348,14437,16785,-239,210,58201,16428,91414,883305,524774,,,,,,,,,
"2020-06-14","ITA",3,"Lombardia",45.46679409,9.190347404,2116,94,2210,13779,15989,-796,244,59220,16449,91658,892641,530683,,,,,,,,,
"2020-06-15","ITA",3,"Lombardia",45.46679409,9.190347404,2018,94,2112,13864,15976,-13,259,59484,16457,91917,899278,534981,,,,,,,,,
"2020-06-16","ITA",3,"Lombardia",45.46679409,9.190347404,1902,69,1971,13262,15233,-743,143,60361,16466,92060,906322,539604,,,,,,,,,
"2020-06-17","ITA",3,"Lombardia",45.46679409,9.190347404,1796,59,1855,13117,14972,-261,242,60850,16480,92302,917881,547133,,,,,,,,,
"2020-06-18","ITA",3,"Lombardia",45.46679409,9.190347404,1673,60,1733,12914,14647,-325,216,61355,16516,92518,929356,554148,,,,,,,,,
"2020-06-19","ITA",3,"Lombardia",45.46679409,9.190347404,1537,60,1597,12448,14045,-602,157,62096,16534,92675,939820,560376,,,,,,,,,
"2020-06-20","ITA",3,"Lombardia",45.46679409,9.190347404,1401,54,1455,12456,13911,-134,165,62372,16557,92840,949134,565933,,,,,,,,,
"2020-06-21","ITA",3,"Lombardia",45.46679409,9.190347404,1260,53,1313,12530,13843,-68,128,62555,16570,92968,956959,570750,,,,,,,,,
"2020-06-22","ITA",3,"Lombardia",45.46679409,9.190347404,1047,51,1098,12540,13638,-205,143,62900,16573,93111,964735,575981,,,,,,,,,
"2020-06-23","ITA",3,"Lombardia",45.46679409,9.190347404,910,51,961,11942,12903,-735,62,63691,16579,93173,971721,580317,,,,,,,,,
"2020-06-24","ITA",3,"Lombardia",45.46679409,9.190347404,692,48,740,11487,12227,-676,88,64448,16586,93261,980820,586567,,,,,,,,,
"2020-06-25","ITA",3,"Lombardia",45.46679409,9.190347404,622,48,670,11322,11992,-235,170,64831,16608,93431,990652,592797,,,,,,,,,
"2020-06-26","ITA",3,"Lombardia",45.46679409,9.190347404,501,47,548,11092,11640,-352,156,65323,16624,93587,1004753,600985,,,,,,,,,
"2020-06-27","ITA",3,"Lombardia",45.46679409,9.190347404,415,43,458,10534,10992,-648,77,66046,16626,93664,1014321,606607,,,,,,,,,
"2020-06-28","ITA",3,"Lombardia",45.46679409,9.190347404,323,43,366,10581,10947,-45,97,66175,16639,93761,1022440,611487,,,,,,,,,
"2020-06-29","ITA",3,"Lombardia",45.46679409,9.190347404,321,43,364,10459,10823,-124,78,66376,16640,93839,1030431,615813,,,,,,,,,
"2020-06-30","ITA",3,"Lombardia",45.46679409,9.190347404,297,42,339,9721,10060,-763,62,67197,16644,93901,1036548,619851,,,,,,,,,
"2020-07-01","ITA",3,"Lombardia",45.46679409,9.190347404,277,41,318,9620,9938,-122,109,67422,16650,94010,1044975,625197,,,,,,,,,
"2020-07-02","ITA",3,"Lombardia",45.46679409,9.190347404,241,41,282,9545,9827,-111,98,67610,16671,94108,1054415,630993,,,,,,,,,
"2020-07-03","ITA",3,"Lombardia",45.46679409,9.190347404,241,41,282,9395,9677,-150,115,67871,16675,94223,1064173,636860,,,,,,,,,
"2020-07-04","ITA",3,"Lombardia",45.46679409,9.190347404,231,36,267,9159,9426,-251,95,68201,16691,94318,1074333,642762,,,,,,,,,
"2020-07-05","ITA",3,"Lombardia",45.46679409,9.190347404,230,36,266,9179,9445,19,98,68274,16697,94416,1083105,647739,,,,,,,,,
"2020-07-06","ITA",3,"Lombardia",45.46679409,9.190347404,233,36,269,9223,9492,47,111,68335,16700,94527,1088960,651688,,,,,,,,,
"2020-07-07","ITA",3,"Lombardia",45.46679409,9.190347404,229,36,265,8809,9074,-418,53,68793,16713,94580,1092340,653837,,,,,,,,,
"2020-07-08","ITA",3,"Lombardia",45.46679409,9.190347404,211,34,245,8215,8460,-614,71,69466,16725,94651,1103015,660133,,,,,,,,,
"2020-07-09","ITA",3,"Lombardia",45.46679409,9.190347404,201,31,232,8125,8357,-103,119,69683,16730,94770,1114827,667911,,,,,,,,,
"2020-07-10","ITA",3,"Lombardia",45.46679409,9.190347404,190,27,217,8124,8341,-16,135,69828,16736,94905,1126332,675013,,,,,,,,,
"2020-07-11","ITA",3,"Lombardia",45.46679409,9.190347404,173,29,202,8010,8212,-129,67,70020,16740,94972,1133387,679427,,,,,,,,,
"2020-07-12","ITA",3,"Lombardia",45.46679409,9.190347404,160,31,191,7813,8004,-208,77,70297,16748,95049,1142932,685763,,,,,,,,,
"2020-07-13","ITA",3,"Lombardia",45.46679409,9.190347404,168,30,198,7813,8011,7,94,70375,16757,95143,1149414,689917,,,,,,,,,
"2020-07-14","ITA",3,"Lombardia",45.46679409,9.190347404,176,27,203,7749,7952,-59,30,70461,16760,95173,1155050,693556,,,,,,,,,
"2020-07-15","ITA",3,"Lombardia",45.46679409,9.190347404,177,23,200,7335,7535,-417,63,70936,16765,95236,1165476,699935,,,,,,,,,
"2020-07-16","ITA",3,"Lombardia",45.46679409,9.190347404,164,23,187,7322,7509,-26,80,71032,16775,95316,1176203,706440,,,,,,,,,
"2020-07-17","ITA",3,"Lombardia",45.46679409,9.190347404,159,22,181,7240,7421,-88,55,71172,16778,95371,1186114,712261,,,,,,,,,
"2020-07-18","ITA",3,"Lombardia",45.46679409,9.190347404,149,22,171,7084,7255,-166,88,71416,16788,95459,1195168,717516,,,,,,,,,
"2020-07-19","ITA",3,"Lombardia",45.46679409,9.190347404,148,22,170,7070,7240,-15,33,71464,16788,95492,1202207,721640,,,,,,,,,
"2020-07-20","ITA",3,"Lombardia",45.46679409,9.190347404,151,21,172,6969,7141,-99,56,71611,16796,95548,1206495,724365,,,,,,,,,
"2020-07-21","ITA",3,"Lombardia",45.46679409,9.190347404,151,21,172,6838,7010,-131,34,71775,16797,95582,1212468,728169,,,,,,,,,
"2020-07-22","ITA",3,"Lombardia",45.46679409,9.190347404,149,17,166,6809,6975,-35,51,71860,16798,95633,1217829,733150,,,,,,,,,
"2020-07-23","ITA",3,"Lombardia",45.46679409,9.190347404,139,17,156,6785,6941,-34,82,71973,16801,95715,1232915,740405,,,,,,,,,
"2020-07-24","ITA",3,"Lombardia",45.46679409,9.190347404,144,17,161,6598,6759,-182,53,72208,16801,95768,1242775,746025,,,,,,,,,
"2020-07-25","ITA",3,"Lombardia",45.46679409,9.190347404,148,13,161,6614,6775,16,79,72271,16801,95847,1253500,752200,,,,,,,,,
"2020-07-26","ITA",3,"Lombardia",45.46679409,9.190347404,139,13,152,6619,6771,-4,74,72349,16801,95921,1261557,756888,,,,,,,,,
"2020-07-27","ITA",3,"Lombardia",45.46679409,9.190347404,137,14,151,6574,6725,-46,34,72429,16801,95955,1265549,759439,,,,,,,,,
"2020-07-28","ITA",3,"Lombardia",45.46679409,9.190347404,151,13,164,6514,6678,-47,53,72528,16802,96008,1271875,763406,,,,,,,,,
"2020-07-29","ITA",3,"Lombardia",45.46679409,9.190347404,154,13,167,6396,6563,-115,46,72689,16802,96054,1280533,768509,,,,,,,,,
"2020-07-30","ITA",3,"Lombardia",45.46679409,9.190347404,151,13,164,5871,6035,-528,88,73305,16802,96142,1291740,775765,,,,,,,,,
"2020-07-31","ITA",3,"Lombardia",45.46679409,9.190347404,148,7,155,5856,6011,-24,77,73402,16806,96219,1300088,782147,,,,,,,,,
"2020-08-01","ITA",3,"Lombardia",45.46679409,9.190347404,158,9,167,5788,5955,-56,55,73512,16807,96274,1308507,787173,,,,,,,,,
"2020-08-02","ITA",3,"Lombardia",45.46679409,9.190347404,153,9,162,5659,5821,-134,38,73676,16815,96312,1316219,791698,,,,,,,,,
"2020-08-03","ITA",3,"Lombardia",45.46679409,9.190347404,162,9,171,5624,5795,-26,25,73724,16818,96337,1320427,794279,,,,,,,,,
"2020-08-04","ITA",3,"Lombardia",45.46679409,9.190347404,160,9,169,5583,5752,-43,44,73810,16819,96381,1326123,797918,,,,,,,,,
"2020-08-05","ITA",3,"Lombardia",45.46679409,9.190347404,164,11,175,5648,5823,71,138,73872,16824,96519,1335383,803355,,,,,,,,,
"2020-08-06","ITA",3,"Lombardia",45.46679409,9.190347404,168,11,179,5549,5728,-95,118,74080,16829,96637,1344362,808787,,,,,,,,,
"2020-08-07","ITA",3,"Lombardia",45.46679409,9.190347404,170,9,179,5466,5645,-83,69,74232,16829,96706,1352490,813260,,,,,,,,,
"2020-08-08","ITA",3,"Lombardia",45.46679409,9.190347404,162,9,171,5376,5547,-98,76,74403,16832,96782,1358872,816988,,,,,,,,,
"2020-08-09","ITA",3,"Lombardia",45.46679409,9.190347404,155,9,164,5424,5588,41,71,74432,16833,96853,1365366,820541,,,,,,,,,
"2020-08-10","ITA",3,"Lombardia",45.46679409,9.190347404,150,9,159,5388,5547,-41,31,74504,16833,96884,1374709,822142,,,,,,,,,
"2020-08-11","ITA",3,"Lombardia",45.46679409,9.190347404,160,10,170,5344,5514,-33,68,74605,16833,96952,1379246,824917,,,,,,,,,
"2020-08-12","ITA",3,"Lombardia",45.46679409,9.190347404,165,10,175,5346,5521,7,102,74700,16833,97054,1387206,829237,,,,,,,,,
"2020-08-13","ITA",3,"Lombardia",45.46679409,9.190347404,170,11,181,5358,5539,18,74,74754,16835,97128,1394380,833060,,,,,,,,,
"2020-08-14","ITA",3,"Lombardia",45.46679409,9.190347404,153,12,165,5212,5377,-162,97,75012,16836,97225,1401844,837083,,,,,,,,,
"2020-08-15","ITA",3,"Lombardia",45.46679409,9.190347404,149,12,161,5196,5357,-20,94,75125,16837,97319,1408872,840083,,,,,,,,,
"2020-08-16","ITA",3,"Lombardia",45.46679409,9.190347404,147,13,160,5217,5377,20,61,75163,16840,97380,1413754,843250,,,,,,,,,
"2020-08-17","ITA",3,"Lombardia",45.46679409,9.190347404,147,14,161,5174,5335,-42,43,75248,16840,97423,1417928,845795,,,,,,,,,
"2020-08-18","ITA",3,"Lombardia",45.46679409,9.190347404,150,14,164,5150,5314,-21,50,75319,16840,97473,1423476,849579,,,,,,,,,
"2020-08-19","ITA",3,"Lombardia",45.46679409,9.190347404,151,14,165,5157,5322,8,91,75398,16844,97564,1432476,855372,,,,,,,,,
"2020-08-20","ITA",3,"Lombardia",45.46679409,9.190347404,155,16,171,5252,5423,101,154,75449,16846,97718,1446233,864187,,,,,,,,,
"2020-08-21","ITA",3,"Lombardia",45.46679409,9.190347404,149,17,166,5328,5494,71,174,75546,16852,97892,1456936,871210,,,,,,,,,
"2020-08-22","ITA",3,"Lombardia",45.46679409,9.190347404,148,14,162,5414,5576,82,185,75649,16852,98077,1469893,880198,,,,,,,,,
"2020-08-23","ITA",3,"Lombardia",45.46679409,9.190347404,148,14,162,5620,5782,206,239,75678,16856,98316,1483556,890586,,,,,,,,,
"2020-08-24","ITA",3,"Lombardia",45.46679409,9.190347404,153,15,168,5696,5864,82,110,75705,16857,98426,1491278,896473,,,,,,,,,
"2020-08-25","ITA",3,"Lombardia",45.46679409,9.190347404,158,15,173,5614,5787,-77,119,75901,16857,98545,1501157,903586,,,,,,,,,
"2020-08-26","ITA",3,"Lombardia",45.46679409,9.190347404,158,17,175,5794,5969,182,269,75988,16857,98814,1517718,915651,,,,,,,,,
"2020-08-27","ITA",3,"Lombardia",45.46679409,9.190347404,173,14,187,6038,6225,256,286,76018,16857,99100,1535682,929040,,,,,,,,,
"2020-08-28","ITA",3,"Lombardia",45.46679409,9.190347404,172,17,189,6265,6454,229,316,76102,16860,99416,1555403,943463,,,,,,,,,
"2020-08-29","ITA",3,"Lombardia",45.46679409,9.190347404,185,18,203,6442,6645,191,289,76200,16860,99705,1574104,957455,,,,,,,,,
"2020-08-30","ITA",3,"Lombardia",45.46679409,9.190347404,194,20,214,6615,6829,184,235,76248,16863,99940,1586967,966973,,,,,,,,,
"2020-08-31","ITA",3,"Lombardia",45.46679409,9.190347404,195,22,217,6735,6952,123,135,76258,16865,100075,1596833,974484,,,,,,,,,
"2020-09-01","ITA",3,"Lombardia",45.46679409,9.190347404,212,21,233,6849,7082,130,242,76368,16867,100317,1613033,986403,,,,,,,,,
"2020-09-02","ITA",3,"Lombardia",45.46679409,9.190347404,220,22,242,7036,7278,196,237,76407,16869,100554,1630115,998868,,,,,,,,,
"2020-09-03","ITA",3,"Lombardia",45.46679409,9.190347404,225,27,252,7193,7445,167,228,76467,16870,100782,1644192,1008369,,,,,,,,,
"2020-09-04","ITA",3,"Lombardia",45.46679409,9.190347404,244,26,270,7399,7669,224,337,76574,16876,101119,1671516,1028404,,,,,,,,,
"2020-09-05","ITA",3,"Lombardia",45.46679409,9.190347404,245,23,268,7654,7922,253,388,76708,16877,101507,1694925,1044945,,,,,,,,,
"2020-09-06","ITA",3,"Lombardia",45.46679409,9.190347404,248,25,273,7758,8031,109,198,76794,16880,101705,1707042,1053199,,,,,,,,,
"2020-09-07","ITA",3,"Lombardia",45.46679409,9.190347404,242,26,268,7842,8110,79,109,76818,16886,101814,1716130,1059954,,,,,,,,,
"2020-09-08","ITA",3,"Lombardia",45.46679409,9.190347404,248,27,275,7946,8221,111,271,76976,16888,102085,1736911,1073431,,,,,,,,,
"2020-09-09","ITA",3,"Lombardia",45.46679409,9.190347404,252,27,279,8045,8324,103,218,77088,16891,102303,1758279,1087646,,,,,,,,,
"2020-09-10","ITA",3,"Lombardia",45.46679409,9.190347404,256,30,286,8166,8452,128,245,77204,16892,102548,1775670,1098986,,,,,,,,,
"2020-09-11","ITA",3,"Lombardia",45.46679409,9.190347404,246,27,273,8318,8591,139,257,77318,16896,102805,1793656,1110428,,,,,,,,,
"2020-09-12","ITA",3,"Lombardia",45.46679409,9.190347404,251,27,278,8289,8567,-24,269,77611,16896,103074,1810149,1120531,,,,,,,,,
"2020-09-13","ITA",3,"Lombardia",45.46679409,9.190347404,252,28,280,8509,8789,222,265,77651,16899,103339,1822993,1128937,,,,,,,,,
"2020-09-14","ITA",3,"Lombardia",45.46679409,9.190347404,262,28,290,8558,8848,59,125,77715,16901,103464,1830924,1134109,,,,,,,,,
"2020-09-15","ITA",3,"Lombardia",45.46679409,9.190347404,263,29,292,8507,8799,-49,176,77938,16903,103640,1850323,1148425,,,,,,,,,
"2020-09-16","ITA",3,"Lombardia",45.46679409,9.190347404,264,30,294,8510,8804,5,159,78090,16905,103799,1868154,1160353,,,,,,,,,
"2020-09-17","ITA",3,"Lombardia",45.46679409,9.190347404,272,32,304,8630,8934,130,281,78240,16906,104080,1889861,1173781,,,,,,,,,
"2020-09-18","ITA",3,"Lombardia",45.46679409,9.190347404,284,32,316,8711,9027,93,224,78369,16908,104304,1906689,1184027,,,,,,,,,
"2020-09-19","ITA",3,"Lombardia",45.46679409,9.190347404,271,36,307,8628,8935,-92,243,78695,16917,104547,1928410,1197038,,,,,,,,,
"2020-09-20","ITA",3,"Lombardia",45.46679409,9.190347404,264,38,302,8705,9007,72,211,78829,16922,104758,1943336,1206551,,,,,,,,,
"2020-09-21","ITA",3,"Lombardia",45.46679409,9.190347404,283,36,319,8757,9076,69,90,78849,16923,104848,1953299,1213246,,,,,,,,,
"2020-09-22","ITA",3,"Lombardia",45.46679409,9.190347404,294,34,328,8699,9027,-49,182,79078,16925,105030,1968107,1225067,,,,,,,,,
"2020-09-23","ITA",3,"Lombardia",45.46679409,9.190347404,308,33,341,8763,9104,77,196,79197,16925,105226,1990912,1239028,,,,,,,,,
"2020-09-24","ITA",3,"Lombardia",45.46679409,9.190347404,303,31,334,8714,9048,-56,229,79472,16935,105455,2012281,1252897,,,,,,,,,
"2020-09-25","ITA",3,"Lombardia",45.46679409,9.190347404,300,30,330,8841,9171,123,277,79624,16937,105732,2032712,1265754,,,,,,,,,
"2020-09-26","ITA",3,"Lombardia",45.46679409,9.190347404,312,30,342,8745,9087,-84,256,79960,16941,105988,2051849,1278033,,,,,,,,,
"2020-09-27","ITA",3,"Lombardia",45.46679409,9.190347404,302,31,333,8904,9237,150,216,80021,16946,106204,2068416,1288690,,,,,,,,,
"2020-09-28","ITA",3,"Lombardia",45.46679409,9.190347404,306,31,337,8997,9334,97,119,80041,16948,106323,2076349,1293542,,,,,,,,,
"2020-09-29","ITA",3,"Lombardia",45.46679409,9.190347404,315,33,348,8751,9099,-235,203,80476,16951,106526,2090140,1303500,,,,,,,,,
"2020-09-30","ITA",3,"Lombardia",45.46679409,9.190347404,306,34,340,8720,9060,-39,201,80712,16955,106727,2108944,1315230,,,,,,,,,
"2020-10-01","ITA",3,"Lombardia",45.46679409,9.190347404,298,35,333,8834,9167,107,324,80924,16960,107051,2133635,1331274,,,,,,,,,
"2020-10-02","ITA",3,"Lombardia",45.46679409,9.190347404,302,39,341,8825,9166,-1,307,81228,16964,107358,2153477,1343544,,,,,,,,,
"2020-10-03","ITA",3,"Lombardia",45.46679409,9.190347404,293,42,335,8827,9162,-4,393,81620,16969,107751,2172337,1355640,,,,,,,,,
"2020-10-04","ITA",3,"Lombardia",45.46679409,9.190347404,296,39,335,9026,9361,199,314,81733,16971,108065,2187132,1365206,,,,,,,,,
"2020-10-05","ITA",3,"Lombardia",45.46679409,9.190347404,305,41,346,9186,9532,171,251,81811,16973,108316,2195207,1370079,,,,,,,,,
"2020-10-06","ITA",3,"Lombardia",45.46679409,9.190347404,320,40,360,9149,9509,-23,350,82184,16973,108666,2211227,1380719,,,,,,,,,
"2020-10-07","ITA",3,"Lombardia",45.46679409,9.190347404,339,40,379,9498,9877,368,520,82331,16978,109186,2232796,1395667,,,,,,,,,
"2020-10-08","ITA",3,"Lombardia",45.46679409,9.190347404,361,41,402,10004,10406,529,683,82484,16979,109869,2254865,1408098,,,,,,,,,
"2020-10-09","ITA",3,"Lombardia",45.46679409,9.190347404,371,44,415,10713,11128,722,983,82744,16980,110852,2280488,1424471,,,,,,,,,
"2020-10-10","ITA",3,"Lombardia",45.46679409,9.190347404,408,44,452,11570,12022,894,1140,82988,16982,111992,2303398,1438722,,,,,,,,,
"2020-10-11","ITA",3,"Lombardia",45.46679409,9.190347404,433,48,481,12368,12849,827,1032,83190,16985,113024,2318988,1448672,,,,,,,,,
"2020-10-12","ITA",3,"Lombardia",45.46679409,9.190347404,463,50,513,12866,13379,530,696,83353,16988,113720,2332922,1458192,,,,,,,,,
"2020-10-13","ITA",3,"Lombardia",45.46679409,9.190347404,546,62,608,13648,14256,877,1080,83550,16994,114800,2350108,1469625,,,,,,,,,
"2020-10-14","ITA",3,"Lombardia",45.46679409,9.190347404,645,64,709,14509,15218,962,1844,84415,17011,116644,2379156,1488016,,,,,,,,,
"2020-10-15","ITA",3,"Lombardia",45.46679409,9.190347404,726,72,798,16252,17050,1832,2067,84624,17037,118711,2411663,1508334,,,,,,,,,
"2020-10-16","ITA",3,"Lombardia",45.46679409,9.190347404,834,71,905,18223,19128,2078,2419,84958,17044,121130,2442250,1527182,,,,,,,,,
"2020-10-17","ITA",3,"Lombardia",45.46679409,9.190347404,943,96,1039,20586,21625,2497,2664,85112,17057,123794,2471303,1544959,,,,,,,,,
"2020-10-18","ITA",3,"Lombardia",45.46679409,9.190347404,1065,110,1175,22119,23294,1669,2975,86397,17078,126769,2502284,1565233,,,,,,,,,
"2020-10-19","ITA",3,"Lombardia",45.46679409,9.190347404,1136,113,1249,23385,24634,1340,1687,86738,17084,128456,2516861,1575120,,,,,,,,,
"2020-10-20","ITA",3,"Lombardia",45.46679409,9.190347404,1268,123,1391,24913,26304,1670,2023,87072,17103,130479,2538587,1588800,,,,,,,,,
"2020-10-21","ITA",3,"Lombardia",45.46679409,9.190347404,1521,134,1655,28235,29890,3586,4125,87591,17123,134604,2575003,1611623,,,,,,,,,
"2020-10-22","ITA",3,"Lombardia",45.46679409,9.190347404,1685,156,1841,31677,33518,3628,4125,88059,17152,138729,2610718,1633109,,,,,,,,,
"2020-10-23","ITA",3,"Lombardia",45.46679409,9.190347404,2013,184,2197,35753,37950,4432,4916,88536,17159,143645,2647681,1655276,,,,,,,,,
"2020-10-24","ITA",3,"Lombardia",45.46679409,9.190347404,2153,213,2366,40319,42685,4735,4956,88706,17210,148601,2680430,1675053,,,,,,,,,
"2020-10-25","ITA",3,"Lombardia",45.46679409,9.190347404,2326,231,2557,45426,47983,5298,5762,89145,17235,154363,2715715,1698094,,,,,,,,,
"2020-10-26","ITA",3,"Lombardia",45.46679409,9.190347404,2459,242,2701,47624,50325,2342,3570,90356,17252,157933,2737039,1711397,,,,,,,,,
"2020-10-27","ITA",3,"Lombardia",45.46679409,9.190347404,2715,271,2986,51898,54884,4559,5035,90774,17310,162968,2766999,1729725,,,,,,,,,
"2020-10-28","ITA",3,"Lombardia",45.46679409,9.190347404,3072,292,3364,58042,61406,6522,7558,91763,17357,170526,2808259,1755084,,,,,,,,,
"2020-10-29","ITA",3,"Lombardia",45.46679409,9.190347404,3355,345,3700,64184,67884,6478,7339,92567,17414,177865,2850943,1780305,,,,,,,,,
"2020-10-30","ITA",3,"Lombardia",45.46679409,9.190347404,3698,370,4068,71161,75229,7345,8960,94134,17462,186825,2897835,1807884,,,,,,,,,
"2020-10-31","ITA",3,"Lombardia",45.46679409,9.190347404,4033,392,4425,77586,82011,6782,8919,96198,17535,195744,2944616,1834360,,,,,,,,,
"2020-11-01","ITA",3,"Lombardia",45.46679409,9.190347404,4246,418,4664,85411,90075,8064,8607,96687,17589,204351,2984274,1856584,,,,,,,,,
"2020-11-02","ITA",3,"Lombardia",45.46679409,9.190347404,4406,435,4841,89577,94418,4343,5278,97576,17635,209629,3008361,1871538,,,,,,,,,
"2020-11-03","ITA",3,"Lombardia",45.46679409,9.190347404,4740,475,5215,93351,98566,4148,6804,100115,17752,216433,3040698,1889116,,,,,,,,,
"2020-11-04","ITA",3,"Lombardia",45.46679409,9.190347404,5018,507,5525,99208,104733,6167,7758,101610,17848,224191,3084414,1912351,,,,,,,,,
"2020-11-05","ITA",3,"Lombardia",45.46679409,9.190347404,5318,522,5840,106684,112524,7791,8822,102502,17987,233013,3125958,1935518,,,,,,,,,
"2020-11-06","ITA",3,"Lombardia",45.46679409,9.190347404,5563,570,6133,111233,117366,4842,9934,107463,18118,242947,3172359,1960088,,,,,,,,,
"2020-11-07","ITA",3,"Lombardia",45.46679409,9.190347404,5813,610,6423,121206,127629,10263,11489,108581,18226,254436,3218458,1981508,,,,,,,,,
"2020-11-08","ITA",3,"Lombardia",45.46679409,9.190347404,6225,650,6875,125535,132410,4781,6318,110001,18343,260754,3256646,2003397,,,,,,,,,
"2020-11-09","ITA",3,"Lombardia",45.46679409,9.190347404,6414,670,7084,124375,131459,-951,4777,115630,18442,265531,3277767,2014134,,,,,,,,,
"2020-11-10","ITA",3,"Lombardia",45.46679409,9.190347404,6682,708,7390,128115,135505,4046,10955,122410,18571,276486,3324961,2039672,,,,,,,,,
"2020-11-11","ITA",3,"Lombardia",45.46679409,9.190347404,6907,764,7671,134247,141918,6413,8180,124025,18723,284666,3377673,2066395,,,,,,,,,
"2020-11-12","ITA",3,"Lombardia",45.46679409,9.190347404,7047,782,7829,134964,142793,875,9291,132254,18910,293957,3420606,2086645,,,,,,,,,
"2020-11-13","ITA",3,"Lombardia",45.46679409,9.190347404,7319,801,8120,143149,151269,8476,10634,134294,19028,304591,3476242,2115026,,,,,,,,,
"2020-11-14","ITA",3,"Lombardia",45.46679409,9.190347404,7621,817,8438,147841,156279,5010,8129,137255,19186,312720,3511792,2135880,,,,,,,,,
"2020-11-15","ITA",3,"Lombardia",45.46679409,9.190347404,7781,837,8618,153923,162541,6262,8060,138872,19367,320780,3550494,2152870,,,,,,,,,
"2020-11-16","ITA",3,"Lombardia",45.46679409,9.190347404,7901,855,8756,143583,152339,-10202,4128,153103,19466,324908,3568531,2160155,,,,,,,,,
"2020-11-17","ITA",3,"Lombardia",45.46679409,9.190347404,8151,894,9045,147522,156567,4228,8448,157121,19668,333356,3606814,2177539,,,,,,,,,
"2020-11-18","ITA",3,"Lombardia",45.46679409,9.190347404,8323,903,9226,142857,152083,-4484,7633,169056,19850,340989,3644914,2193319,,,,,,,,,
"2020-11-19","ITA",3,"Lombardia",45.46679409,9.190347404,8291,915,9206,146374,155580,3497,7453,172847,20015,348442,3682509,2208742,,,,,,,,,
"2020-11-20","ITA",3,"Lombardia",45.46679409,9.190347404,8304,930,9234,150407,159641,4061,9221,177832,20190,357663,3724757,2221955,,,,,,,,,
"2020-11-21","ITA",3,"Lombardia",45.46679409,9.190347404,8314,936,9250,153435,162685,3044,8853,183472,20359,366516,3769051,2236696,,,,,,,,,
"2020-11-22","ITA",3,"Lombardia",45.46679409,9.190347404,8391,949,9340,155066,164406,1721,5094,186680,20524,371610,3798851,2248813,,,,,,,,,
"2020-11-23","ITA",3,"Lombardia",45.46679409,9.190347404,8331,945,9276,140642,149918,-14488,5289,206317,20664,376899,3831713,2262985,,,,,,,,,
"2020-11-24","ITA",3,"Lombardia",45.46679409,9.190347404,8360,932,9292,139468,148760,-1158,4886,212175,20850,381785,3862746,2274365,,,,,,,,,
"2020-11-25","ITA",3,"Lombardia",45.46679409,9.190347404,8114,942,9056,128973,138029,-10731,5173,227924,21005,386958,3904809,2289221,,,,,,,,,
"2020-11-26","ITA",3,"Lombardia",45.46679409,9.190347404,7996,934,8930,131471,140401,2372,5697,231042,21212,392655,3949040,2304509,,,,,,,,,
"2020-11-27","ITA",3,"Lombardia",45.46679409,9.190347404,7869,925,8794,121761,130555,-9846,5389,246096,21393,398044,3989971,2319630,,,,,,,,,
"2020-11-28","ITA",3,"Lombardia",45.46679409,9.190347404,7616,919,8535,121780,130315,-240,4615,250832,21512,402659,4027257,2333345,,,,,,,,,
"2020-11-29","ITA",3,"Lombardia",45.46679409,9.190347404,7400,907,8307,124320,132627,2312,3203,251588,21647,405862,4055691,2343093,,,,,,,,,
"2020-11-30","ITA",3,"Lombardia",45.46679409,9.190347404,7433,906,8339,117069,125408,-7219,1929,260528,21855,407791,4072678,2349286,,,,,,,,,
"2020-12-01","ITA",3,"Lombardia",45.46679409,9.190347404,7342,876,8218,112815,121033,-4375,4048,268702,22104,411839,4107489,2361598,,,,,,,,,
"2020-12-02","ITA",3,"Lombardia",45.46679409,9.190347404,7222,855,8077,110719,118796,-2237,3425,274189,22279,415264,4143566,2372367,,,,,,,,,
"2020-12-03","ITA",3,"Lombardia",45.46679409,9.190347404,7025,836,7861,110470,118331,-465,3751,278058,22626,419015,4179837,2383936,32,,,,,,,,
"2020-12-04","ITA",3,"Lombardia",45.46679409,9.190347404,6792,822,7614,109088,116702,-1629,4533,284073,22773,423548,4222113,2397885,36,,,,,,,,
"2020-12-05","ITA",3,"Lombardia",45.46679409,9.190347404,6554,805,7359,108397,115756,-946,3148,288056,22884,426696,4253306,2407249,26,,,,,,,,
"2020-12-06","ITA",3,"Lombardia",45.46679409,9.190347404,6372,807,7179,109200,116379,623,2413,289706,23024,429109,4279332,2415099,29,,,,,,,,
"2020-12-07","ITA",3,"Lombardia",45.46679409,9.190347404,6362,781,7143,108857,116000,-379,1562,291591,23080,430671,4296089,2420283,26,,,,,,,,
"2020-12-08","ITA",3,"Lombardia",45.46679409,9.190347404,6187,767,6954,104875,111829,-4171,1656,297290,23208,432327,4312365,2425509,26,,,,,,,,
"2020-12-09","ITA",3,"Lombardia",45.46679409,9.190347404,5727,766,6493,83410,89903,-21926,1233,320380,23277,433560,4326540,2429884,24,,,,,,,,
"2020-12-10","ITA",3,"Lombardia",45.46679409,9.190347404,5613,748,6361,80882,87243,-2660,2093,324961,23449,435653,4350769,2436786,62,,,,,,,,
"2020-12-11","ITA",3,"Lombardia",45.46679409,9.190347404,5417,733,6150,81299,87449,206,2938,327561,23581,438591,4383640,2446490,26,,,,,,,,
"2020-12-12","ITA",3,"Lombardia",45.46679409,9.190347404,5289,717,6006,79060,85066,-2383,2736,332595,23666,441327,4412793,2455811,26,,,,,,,,
"2020-12-13","ITA",3,"Lombardia",45.46679409,9.190347404,5159,714,5873,80476,86349,1283,2335,333503,23810,443662,4438316,2464408,24,,,,,,,,
"2020-12-14","ITA",3,"Lombardia",45.46679409,9.190347404,5053,685,5738,72583,78321,-8028,945,342409,23877,444607,4449633,2468555,21,,,,,,,,
"2020-12-15","ITA",3,"Lombardia",45.46679409,9.190347404,4996,656,5652,70238,75890,-2431,2404,347130,23991,447011,4477309,2478151,28,,,,,,,,
"2020-12-16","ITA",3,"Lombardia",45.46679409,9.190347404,4946,629,5575,64158,69733,-6157,2994,356175,24097,450005,4514914,2489727,18,,,,,,,,
"2020-12-17","ITA",3,"Lombardia",45.46679409,9.190347404,4793,611,5404,62637,68041,-1692,2730,360529,24165,452735,4546501,2500519,44,,,,,,,,
"2020-12-18","ITA",3,"Lombardia",45.46679409,9.190347404,4656,602,5258,62952,68210,169,2744,363044,24225,455479,4580347,2512713,22,,,,,,,,
"2020-12-19","ITA",3,"Lombardia",45.46679409,9.190347404,4495,592,5087,62566,67653,-557,1944,365440,24330,457423,4607391,2522230,14,,,,,,,,
"2020-12-20","ITA",3,"Lombardia",45.46679409,9.190347404,4341,583,4924,63857,68781,1128,1795,366058,24379,459218,4629812,2530483,15,,,,,,,,
"2020-12-21","ITA",3,"Lombardia",45.46679409,9.190347404,4232,561,4793,56521,61314,-7467,950,374434,24420,460168,4640399,2534888,19,,,,,,,,
"2020-12-22","ITA",3,"Lombardia",45.46679409,9.190347404,4290,540,4830,56314,61144,-170,2278,376790,24512,462446,4672338,2546141,23,,,,,,,,
"2020-12-23","ITA",3,"Lombardia",45.46679409,9.190347404,4243,536,4779,55460,60239,-905,2153,379750,24610,464599,4705264,2556373,31,,,,,,,,
"2020-12-24","ITA",3,"Lombardia",45.46679409,9.190347404,4178,521,4699,53209,57908,-2331,2656,384670,24677,467255,4737558,2567307,14,,,,,,,,
"2020-12-25","ITA",3,"Lombardia",45.46679409,9.190347404,3976,522,4498,54212,58710,802,2628,386391,24782,469883,4765500,2577061,20,,,,,,,,
"2020-12-26","ITA",3,"Lombardia",45.46679409,9.190347404,3839,513,4352,55270,59622,912,1606,387049,24818,471489,4780837,2583057,14,,,,,,,,
"2020-12-27","ITA",3,"Lombardia",45.46679409,9.190347404,3801,508,4309,55018,59327,-295,466,387761,24867,471955,4785738,2585071,16,,,,,,,,
"2020-12-28","ITA",3,"Lombardia",45.46679409,9.190347404,3791,512,4303,50462,54765,-4562,573,392854,24909,472528,4791224,2587261,13,,,,,,,,
"2020-12-29","ITA",3,"Lombardia",45.46679409,9.190347404,3634,498,4132,50286,54418,-347,843,393995,24958,473371,4802831,2591103,45,,,,,,,,
"2020-12-30","ITA",3,"Lombardia",45.46679409,9.190347404,3617,481,4098,48898,52996,-1422,1673,397010,25038,475044,4826709,2597894,21,,,,,,,,
"2020-12-31","ITA",3,"Lombardia",45.46679409,9.190347404,3437,489,3926,50697,54623,1627,3859,399157,25123,478903,4859567,2608285,46,,,,,,,,
"2021-01-01","ITA",3,"Lombardia",45.46679409,9.190347404,3352,487,3839,51473,55312,689,3056,401444,25203,481959,4885034,2617001,13,,,,,,,,
"2021-01-02","ITA",3,"Lombardia",45.46679409,9.190347404,3293,491,3784,52226,56010,698,1402,402070,25281,483361,4896792,2621183,20,,,,,,,,
"2021-01-03","ITA",3,"Lombardia",45.46679409,9.190347404,3267,489,3756,53199,56955,945,1709,402798,25317,485070,4910001,2626398,12,,,,,,,,
"2021-01-04","ITA",3,"Lombardia",45.46679409,9.190347404,3227,484,3711,48976,52687,-4268,863,407902,25344,485933,4918162,2629427,22,,,,,,,,
"2021-01-05","ITA",3,"Lombardia",45.46679409,9.190347404,3344,475,3819,48498,52317,-370,1338,409548,25406,487271,4930952,2634038,37,,,,,,,,
"2021-01-06","ITA",3,"Lombardia",45.46679409,9.190347404,3424,471,3895,48796,52691,374,2952,412034,25498,490223,4959414,2642871,18,,,,,,,,
"2021-01-07","ITA",3,"Lombardia",45.46679409,9.190347404,3363,473,3836,50406,54242,1551,2799,413248,25532,493022,4979745,2650393,25,,,,,,,,
"2021-01-08","ITA",3,"Lombardia",45.46679409,9.190347404,3436,466,3902,50775,54677,435,1963,414643,25665,494985,4998160,2656804,25,,,,,,,,
"2021-01-09","ITA",3,"Lombardia",45.46679409,9.190347404,3577,456,4033,51404,55437,760,2506,416326,25728,497491,5023007,2664865,15,,,,,,,,
"2021-01-10","ITA",3,"Lombardia",45.46679409,9.190347404,3598,459,4057,53741,57798,2361,3267,417173,25787,500758,5048018,2674656,23,,,,,,,,
"2021-01-11","ITA",3,"Lombardia",45.46679409,9.190347404,3522,462,3984,50523,54507,-3291,1488,421890,25849,502246,5061374,2679880,23,,,,,,,,
"2021-01-12","ITA",3,"Lombardia",45.46679409,9.190347404,3641,466,4107,50308,54415,-92,1146,423074,25903,503392,5077338,2685264,38,,,,,,,,
"2021-01-13","ITA",3,"Lombardia",45.46679409,9.190347404,3651,462,4113,50850,54963,548,2245,424720,25954,505637,5109218,2694848,19,,,,,,,,
"2021-01-14","ITA",3,"Lombardia",45.46679409,9.190347404,3614,468,4082,52018,56100,1137,2587,426098,26026,508224,5137863,2704477,26,,,,,,,,
"2021-01-15","ITA",3,"Lombardia",45.46679409,9.190347404,3601,466,4067,53087,57154,1054,2205,427181,26094,510429,5171810,2713639,19,,,510402,27,5164398,7412,"ITC","ITC4"
"2021-01-16","ITA",3,"Lombardia",45.46679409,9.190347404,3664,454,4118,53880,57998,844,2134,428393,26172,512563,5207127,2722288,12,,,512518,45,5191114,16013,"ITC","ITC4"
"2021-01-17","ITA",3,"Lombardia",45.46679409,9.190347404,3610,452,4062,52080,56142,-1856,1603,431787,26237,514166,5232178,2729492,22,,,514072,94,5212191,19987,"ITC","ITC4"
"2021-01-18","ITA",3,"Lombardia",45.46679409,9.190347404,3553,449,4002,49562,53564,-2578,1189,435509,26282,515355,5248516,2734701,8,,,515233,122,5226157,22359,"ITC","ITC4"
"2021-01-19","ITA",3,"Lombardia",45.46679409,9.190347404,3619,425,4044,49417,53461,-103,930,436485,26339,516285,5272645,2739301,34,,,516142,143,5241116,31529,"ITC","ITC4"
"2021-01-20","ITA",3,"Lombardia",45.46679409,9.190347404,3650,428,4078,49620,53698,237,1876,438058,26405,518161,5311238,2748344,27,,,517952,209,5270348,40890,"ITC","ITC4"
"2021-01-21","ITA",3,"Lombardia",45.46679409,9.190347404,3644,411,4055,49000,53055,-643,2234,440880,26460,520395,5348951,2757927,16,,,520147,248,5298356,50595,"ITC","ITC4"
"2021-01-22","ITA",3,"Lombardia",45.46679409,9.190347404,3579,408,3987,49228,53215,160,1969,442631,26518,522364,5383007,2766601,21,,,522095,269,5323433,59574,"ITC","ITC4"
"2021-01-23","ITA",3,"Lombardia",45.46679409,9.190347404,3499,398,3897,48571,52468,-747,1535,444809,26622,523899,5414816,2773895,14,,,523621,278,5346945,67871,"ITC","ITC4"
"2021-01-24","ITA",3,"Lombardia",45.46679409,9.190347404,3428,405,3833,49171,53004,536,1375,445604,26666,525274,5437998,2780425,19,,,524902,372,5365448,72550,"ITC","ITC4"
"2021-01-25","ITA",3,"Lombardia",45.46679409,9.190347404,3412,407,3819,46158,49977,-3027,1484,450069,26712,526758,5456775,2786712,19,,,526376,382,5381975,74800,"ITC","ITC4"
"2021-01-26","ITA",3,"Lombardia",45.46679409,9.190347404,3530,392,3922,45046,48968,-1009,1230,452231,26789,527988,5480815,2791088,27,,,527298,690,5393263,87552,"ITC","ITC4"
"2021-01-27","ITA",3,"Lombardia",45.46679409,9.190347404,3573,377,3950,45088,49038,70,2293,454392,26851,530281,5525624,2800749,8,,,529252,1029,5426129,99495,"ITC","ITC4"
"2021-01-28","ITA",3,"Lombardia",45.46679409,9.190347404,3537,371,3908,45931,49839,801,2603,456106,26939,532884,5567301,2811665,18,,,531566,1318,5457271,110030,"ITC","ITC4"
"2021-01-29","ITA",3,"Lombardia",45.46679409,9.190347404,3490,379,3869,45645,49514,-325,1900,458254,27016,534784,5601457,2820413,28,,,533337,1447,5481950,119507,"ITC","ITC4"
"2021-01-30","ITA",3,"Lombardia",45.46679409,9.190347404,3454,377,3831,46310,50141,627,1832,459401,27074,536616,5640919,2829643,19,,,535301,1315,5510184,130735,"ITC","ITC4"
"2021-01-31","ITA",3,"Lombardia",45.46679409,9.190347404,3503,362,3865,47212,51077,936,1438,459879,27098,538054,5665413,2837007,7,,,536665,1389,5531042,134371,"ITC","ITC4"
"2021-02-01","ITA",3,"Lombardia",45.46679409,9.190347404,3489,371,3860,44615,48475,-2602,1093,463522,27150,539147,5682564,2842721,26,,,537728,1419,5545650,136914,"ITC","ITC4"
"2021-02-02","ITA",3,"Lombardia",45.46679409,9.190347404,3544,361,3905,42654,46559,-1916,912,466287,27213,540059,5705263,2847233,21,,,538440,1619,5558207,147056,"ITC","ITC4"
"2021-02-03","ITA",3,"Lombardia",45.46679409,9.190347404,3554,359,3913,43432,47345,786,1738,467193,27259,541797,5743914,2856882,20,,,540016,1781,5586597,157317,"ITC","ITC4"
"2021-02-04","ITA",3,"Lombardia",45.46679409,9.190347404,3539,362,3901,42995,46896,-449,1746,469348,27299,543543,5776961,2865764,29,,,541623,1920,5611029,165932,"ITC","ITC4"
"2021-02-05","ITA",3,"Lombardia",45.46679409,9.190347404,3549,359,3908,44294,48202,1306,2504,470500,27345,546047,5815964,2877075,15,,,543996,2051,5640491,175473,"ITC","ITC4"
"2021-02-06","ITA",3,"Lombardia",45.46679409,9.190347404,3540,354,3894,44415,48309,107,1923,472266,27395,547970,5852056,2885842,22,,,545694,2276,5665314,186742,"ITC","ITC4"
"2021-02-07","ITA",3,"Lombardia",45.46679409,9.190347404,3467,358,3825,45015,48840,531,1515,473192,27453,549485,5879680,2894441,14,,,547114,2371,5687920,191760,"ITC","ITC4"
"2021-02-08","ITA",3,"Lombardia",45.46679409,9.190347404,3491,362,3853,42521,46374,-2466,895,476502,27504,550380,5893600,2899283,22,,,547948,2432,5699756,193844,"ITC","ITC4"
