"data","Bergamo","Brescia","Como","Cremona","In fase di definizione/aggiornamento","Lecco","Lodi","Mantova","Milano","Monza e della Brianza","Pavia","Sondrio","Varese","Fuori Regione / Provincia Autonoma"
"2020-02-24",0,0,0,0,0,0,0,0,0,0,0,0,0,
"2020-02-25",18,0,0,53,5,0,125,0,8,3,27,1,0,
"2020-02-26",20,2,0,57,9,0,128,0,8,4,27,3,0,
"2020-02-27",72,10,0,91,12,0,159,0,15,5,36,3,0,
"2020-02-28",103,13,0,123,20,0,182,0,29,6,49,3,3,
"2020-02-29",110,14,1,136,18,0,237,1,30,6,55,3,4,
"2020-03-01",209,49,2,214,23,2,344,4,46,6,78,3,4,
"2020-03-02",243,60,2,223,178,3,384,5,58,8,83,3,4,
"2020-03-03",372,86,4,287,36,4,482,15,93,9,122,3,7,
"2020-03-04",423,127,5,333,49,5,559,22,145,11,126,4,11,
"2020-03-05",537,155,11,406,62,8,658,26,197,19,151,4,17,
"2020-03-06",623,182,11,452,68,11,739,32,267,20,180,4,23,
"2020-03-07",761,413,23,562,93,35,811,46,361,61,221,6,27,
"2020-03-08",997,501,27,665,291,53,853,56,406,59,243,6,32,
"2020-03-09",1245,739,40,916,516,66,928,102,506,64,296,7,44,
"2020-03-10",1472,790,46,957,317,89,963,119,592,65,324,7,50,
"2020-03-11",1815,1351,77,1061,190,113,1035,137,925,85,403,13,75,
"2020-03-12",2136,1598,98,1302,235,199,1123,169,1146,130,468,23,98,
"2020-03-13",2368,1784,118,1344,569,237,1133,187,1307,143,482,23,125,
"2020-03-14",2864,2122,154,1565,556,287,1276,261,1551,224,622,45,158,
"2020-03-15",3416,2473,184,1792,376,344,1320,339,1750,327,722,45,184,
"2020-03-16",3760,2918,220,1881,362,386,1362,382,1983,346,801,46,202,
"2020-03-17",3993,3300,256,2073,381,440,1418,465,2326,376,884,74,234,
"2020-03-18",4305,3784,286,2167,383,466,1445,514,2644,401,978,75,265,
"2020-03-19",4645,4247,338,2286,425,530,1528,636,3278,495,1011,155,310,
"2020-03-20",5154,4648,380,2392,468,676,1597,723,3804,816,1105,163,338,
"2020-03-21",5869,5028,452,2733,592,818,1693,842,4672,1084,1194,179,359,
"2020-03-22",6216,5317,512,2895,616,872,1772,905,5096,1108,1306,205,386,
"2020-03-23",6471,5905,581,2925,614,934,1817,985,5326,1130,1444,208,421,
"2020-03-24",6728,6298,635,3061,656,1015,1860,1093,5701,1454,1499,253,450,
"2020-03-25",7072,6597,706,3156,688,1076,1884,1176,6074,1587,1578,284,468,
"2020-03-26",7458,6931,762,3370,807,1159,1968,1250,6922,1750,1685,325,502,
"2020-03-27",8060,7305,816,3496,805,1210,2006,1398,7469,1948,1712,362,711,
"2020-03-28",8349,7678,903,3605,1149,1316,2029,1484,7783,2086,1877,388,768,
"2020-03-29",8527,8013,1014,3762,901,1381,2057,1550,8329,2265,1974,422,812,
"2020-03-30",8664,8213,1061,3788,908,1437,2087,1617,8676,2362,2036,446,866,
"2020-03-31",8803,8367,1101,3869,925,1470,2116,1688,8911,2462,2133,470,893,
"2020-04-01",9039,8598,1157,3941,963,1516,2157,1736,9522,2543,2180,484,937,
"2020-04-02",9171,8757,1205,3974,994,1552,2189,1782,10004,2633,2285,517,1002,
"2020-04-03",9315,9014,1256,4097,1028,1594,2214,1884,10391,2774,2331,537,1085,
"2020-04-04",9588,9180,1319,4154,1066,1628,2238,1981,10819,2935,2499,563,1148,
"2020-04-05",9712,9340,1384,4233,1132,1678,2255,2044,11230,3046,2619,591,1191,
"2020-04-06",9815,9477,1473,4260,1133,1712,2278,2084,11538,3157,2700,614,1293,
"2020-04-07",9868,9594,1525,4323,1147,1731,2321,2142,11787,3206,2735,620,1326,
"2020-04-08",9931,9909,1542,4422,1182,1755,2347,2216,12039,3264,2823,636,1348,
"2020-04-09",10043,10122,1605,4489,1217,1805,2376,2277,12479,3355,2889,654,1491,
"2020-04-10",10151,10369,1686,4562,1283,1838,2419,2355,12748,3424,2963,661,1589,
"2020-04-11",10258,10599,1825,4658,1300,1860,2472,2411,13268,3575,3049,684,1633,
"2020-04-12",10309,10868,1924,4721,1485,1881,2543,2486,13680,3639,3133,720,1663,
"2020-04-13",10391,11058,2015,4945,1283,1911,2559,2571,14161,3720,3193,796,1711,
"2020-04-14",10426,11093,2106,5172,1280,1970,2569,2631,14350,3821,3246,849,1813,
"2020-04-15",10472,11187,2154,5202,1302,1982,2587,2655,14675,3878,3316,859,1884,
"2020-04-16",10518,11355,2233,5273,1321,1986,2626,2691,14952,3932,3390,864,1953,
"2020-04-17",10590,11567,2285,5313,1362,2005,2678,2748,15277,3975,3448,866,2021,
"2020-04-18",10629,11758,2439,5407,1374,2030,2714,2863,15546,4042,3536,937,2106,
"2020-04-19",10689,11946,2488,5417,1376,2072,2724,2905,15825,4098,3582,956,2158,
"2020-04-20",10738,12004,2550,5491,1389,2080,2740,2913,16112,4157,3641,960,2196,
"2020-04-21",10788,12078,2592,5641,1402,2093,2751,2933,16520,4211,3705,966,2251,
"2020-04-22",10848,12178,2681,5706,1441,2109,2787,2977,17000,4253,3798,1012,2302,
"2020-04-23",10946,12308,2764,5807,1489,2132,2833,3022,17277,4317,3874,1056,2340,
"2020-04-24",11002,12475,2871,5867,1483,2149,2836,3057,17689,4372,3991,1088,2376,
"2020-04-25",11047,12540,2942,5906,1494,2157,2903,3082,17908,4417,4036,1130,2407,
"2020-04-26",11113,12564,3025,5966,1522,2177,2926,3105,18371,4477,4044,1132,2467,
"2020-04-27",11150,12599,3076,5971,1562,2230,2936,3123,18559,4516,4129,1132,2496,
"2020-04-28",11196,12691,3154,5993,1577,2248,2947,3131,18837,4637,4228,1141,2568,
"2020-04-29",11291,12806,3207,6023,1590,2265,2959,3156,19121,4674,4280,1143,2619,
"2020-04-30",11313,12861,3244,6037,1625,2274,2966,3175,19337,4704,4349,1180,2667,
"2020-05-01",11360,12929,3271,6068,1653,2277,2994,3185,19701,4729,4416,1181,2705,
"2020-05-02",11394,12999,3293,6088,1680,2290,3017,3194,19950,4745,4456,1181,2715,
"2020-05-03",11453,13028,3313,6106,1693,2344,3047,3199,20068,4823,4490,1181,2783,
"2020-05-04",11538,13122,3332,6109,1707,2360,3062,3201,20254,4850,4522,1210,2838,
"2020-05-05",11550,13168,3364,6130,1749,2371,3114,3215,20398,4881,4551,1223,2891,
"2020-05-06",11587,13267,3401,6151,1737,2381,3155,3217,20711,4893,4621,1230,3018,
"2020-05-07",11622,13391,3440,6178,1756,2419,3204,3221,20893,4974,4652,1266,3073,
"2020-05-08",11671,13460,3470,6219,1759,2448,3222,3237,21094,5015,4704,1276,3148,
"2020-05-09",11717,13506,3480,6242,1780,2482,3264,3250,21272,5046,4742,1280,3164,
"2020-05-10",11741,13550,3496,6248,1787,2486,3271,3251,21376,5055,4777,1287,3182,
"2020-05-11",11791,13620,3504,6250,1793,2536,3277,3251,21490,5074,4801,1288,3196,
"2020-05-12",12294,13748,3546,6255,1804,2561,3293,3255,21626,5112,4820,1317,3273,
"2020-05-13",12318,13842,3556,6273,1815,2583,3301,3266,21731,5141,4849,1321,3302,
"2020-05-14",12347,13948,3598,6285,1817,2599,3313,3275,21900,5182,4896,1338,3322,
"2020-05-15",12371,14008,3612,6303,1825,2616,3325,3281,21966,5219,4919,1339,3335,
"2020-05-16",12397,14091,3625,6313,1846,2634,3341,3282,22041,5265,4944,1363,3376,
"2020-05-17",12443,14147,3629,6323,1852,2645,3351,3291,22151,5287,4979,1367,3379,
"2020-05-18",12463,14158,3633,6323,1849,2648,3353,3291,22222,5296,5022,1369,3392,
"2020-05-19",12607,14199,3646,6335,1856,2687,3369,3294,22324,5338,5047,1378,3401,
"2020-05-20",12633,14249,3660,6350,1874,2691,3380,3300,22372,5388,5082,1383,3413,
"2020-05-21",12681,14326,3678,6365,1863,2700,3387,3308,22455,5396,5105,1404,3423,
"2020-05-22",12732,14345,3713,6374,1871,2706,3392,3310,22528,5409,5151,1407,3446,
"2020-05-23",12834,14417,3747,6383,1888,2717,3400,3314,22616,5421,5184,1414,3490,
"2020-05-24",12906,14476,3757,6391,1894,2720,3403,3320,22680,5439,5202,1416,3506,
"2020-05-25",12954,14479,3760,6396,1890,2724,3406,3320,22726,5460,5206,1426,3511,
"2020-05-26",12977,14489,3785,6400,1901,2724,3412,3327,22764,5460,5229,1429,3520,
"2020-05-27",13175,14522,3792,6416,1892,2724,3434,3328,22832,5466,5252,1431,3537,
"2020-05-28",13244,14612,3823,6429,1917,2729,3447,3330,22908,5480,5261,1454,3549,
"2020-05-29",13302,14683,3837,6442,1912,2730,3458,3339,22982,5510,5293,1459,3590,
"2020-05-30",13323,14724,3840,6448,1934,2736,3468,3345,23044,5514,5328,1460,3594,
"2020-05-31",13366,14768,3853,6459,1934,2743,3474,3357,23076,5518,5338,1463,3619,
"2020-06-01",13374,14774,3854,6461,1939,2745,3474,3357,23094,5521,5339,1464,3622,
"2020-06-02",13388,14810,3880,6464,1942,2751,3476,3365,23139,5528,5362,1468,3632,
"2020-06-03",13465,14861,3890,6470,1947,2756,3483,3367,23176,5556,5365,1469,3637,
"2020-06-04",13466,14881,3894,6471,1948,2761,3485,3369,23207,5559,5371,1471,3643,
"2020-06-05",13539,14970,3912,6482,1965,2765,3495,3382,23306,5567,5393,1481,3671,
"2020-06-06",13551,14988,3921,6489,1974,2766,3498,3388,23365,5571,5404,1481,3674,
"2020-06-07",13558,15007,3922,6495,1981,2766,3500,3388,23408,5573,5416,1488,3693,
"2020-06-08",13609,15070,3935,6502,1983,2768,3502,3390,23437,5583,5418,1492,3700,
"2020-06-09",13661,15094,3946,6505,1990,2770,3511,3394,23483,5591,5423,1499,3714,
"2020-06-10",13671,15106,3953,6520,1993,2771,3515,3396,23510,5593,5429,1499,3724,
"2020-06-11",13710,15187,3957,6527,1999,2774,3522,3398,23581,5603,5433,1505,3736,
"2020-06-12",13744,15217,3970,6531,2014,2778,3533,3399,23669,5627,5456,1516,3750,
"2020-06-13",13766,15238,3976,6546,2020,2782,3534,3402,23766,5640,5472,1517,3755,
"2020-06-14",13828,15270,3989,6554,2027,2794,3539,3406,23811,5650,5485,1523,3782,
"2020-06-15",13897,15326,4008,6556,2033,2801,3541,3407,23863,5656,5488,1540,3801,
"2020-06-16",13909,15337,4018,6559,2042,2801,3549,3419,23905,5663,5494,1541,3823,
"2020-06-17",13978,15353,4023,6565,2046,2804,3552,3424,23966,5706,5514,1542,3829,
"2020-06-18",14033,15394,4035,6568,2051,2808,3552,3425,24018,5712,5526,1554,3842,
"2020-06-19",14065,15415,4043,6574,2057,2811,3554,3437,24061,5719,5533,1557,3849,
"2020-06-20",14096,15442,4051,6576,2059,2815,3554,3440,24130,5727,5533,1563,3854,
"2020-06-21",14120,15479,4053,6577,2063,2817,3557,3444,24161,5731,5542,1567,3857,
"2020-06-22",14171,15499,4066,6585,2065,2817,3558,3445,24184,5736,5542,1568,3875,
"2020-06-23",14177,15505,4068,6587,2070,2818,3559,3447,24210,5740,5546,1569,3877,
"2020-06-24",14192,15519,4070,6590,2073,2820,3565,3457,24239,5741,5549,1569,3877,
"2020-06-25",14271,15543,4078,6596,1446,2821,3566,3463,24267,5745,5554,1575,3878,628
"2020-06-26",14315,15570,4087,6597,1447,2824,3569,3468,24300,5754,5557,1582,3886,631
"2020-06-27",14337,15584,4092,6602,1447,2825,3569,3474,24304,5759,5561,1582,3896,632
"2020-06-28",14357,15611,4093,6608,1449,2828,3569,3478,24320,5766,5567,1584,3899,632
"2020-06-29",14370,15620,4093,6610,1453,2830,3569,3481,24356,5769,5567,1584,3904,633
"2020-06-30",14375,15626,4093,6612,1454,2831,3570,3496,24379,5772,5568,1584,3907,634
"2020-07-01",14397,15644,4094,6616,1456,2835,3575,3518,24400,5778,5569,1584,3908,636
"2020-07-02",14420,15653,4098,6621,1462,2837,3578,3523,24428,5780,5572,1586,3913,637
"2020-07-03",14442,15668,4100,6631,1468,2841,3582,3526,24452,5784,5583,1589,3917,640
"2020-07-04",14473,15681,4103,6633,1470,2842,3586,3539,24471,5788,5583,1591,3917,641
"2020-07-05",14506,15687,4108,6638,1472,2843,3588,3556,24487,5793,5586,1591,3920,641
"2020-07-06",14523,15697,4113,6661,1480,2848,3588,3578,24499,5795,5586,1591,3922,646
"2020-07-07",14552,15714,4113,6662,1472,2848,3591,3578,24504,5800,5586,1592,3923,645
"2020-07-08",14582,15723,4115,6665,1469,2849,3595,3582,24520,5801,5587,1593,3924,646
"2020-07-09",14610,15737,4116,6670,1471,2850,3595,3597,24555,5807,5591,1594,3929,648
"2020-07-10",14666,15754,4121,6677,1477,2853,3598,3609,24572,5810,5591,1595,3932,650
"2020-07-11",14671,15770,4129,6679,1469,2857,3602,3612,24598,5813,5594,1595,3934,649
"2020-07-12",14692,15776,4130,6685,1470,2858,3602,3639,24604,5820,5594,1595,3935,649
"2020-07-13",14735,15789,4134,6689,1475,2859,3602,3642,24619,5822,5596,1595,3936,650
"2020-07-14",14750,15796,4134,6690,1467,2859,3603,3644,24626,5823,5597,1595,3939,650
"2020-07-15",14765,15804,4134,6691,1470,2862,3604,3652,24644,5826,5598,1596,3939,651
"2020-07-16",14782,15809,4138,6702,1481,2862,3605,3656,24664,5828,5598,1597,3943,651
"2020-07-17",14800,15822,4139,6706,1476,2864,3609,3657,24673,5831,5600,1597,3947,650
"2020-07-18",14829,15831,4140,6707,1476,2867,3617,3660,24697,5835,5601,1599,3950,650
"2020-07-19",14837,15837,4141,6710,1473,2867,3617,3660,24705,5842,5602,1599,3951,651
"2020-07-20",14859,15842,4143,6712,1481,2868,3617,3660,24716,5846,5602,1599,3952,651
"2020-07-21",14865,15849,4143,6714,1481,2868,3618,3661,24725,5848,5604,1602,3953,651
"2020-07-22",14872,15859,4144,6714,1477,2869,3622,3661,24744,5854,5604,1603,3959,651
"2020-07-23",14899,15865,4145,6717,1479,2869,3622,3662,24761,5857,5607,1603,3974,655
"2020-07-24",14907,15872,4146,6718,1481,2870,3625,3665,24783,5859,5609,1603,3975,655
"2020-07-25",14926,15888,4148,6718,1482,2873,3627,3672,24808,5861,5609,1603,3978,654
"2020-07-26",14951,15897,4151,6720,1485,2874,3627,3673,24821,5867,5610,1605,3986,654
"2020-07-27",14959,15899,4153,6720,1488,2876,3627,3673,24835,5869,5610,1605,3986,655
"2020-07-28",14981,15902,4153,6721,1481,2876,3628,3673,24860,5869,5613,1606,3990,655
"2020-07-29",14990,15914,4154,6723,1472,2877,3628,3680,24876,5873,5613,1606,3992,656
"2020-07-30",15007,15931,4158,6725,1479,2878,3628,3684,24891,5878,5616,1607,4003,657
"2020-07-31",15025,15937,4159,6727,1475,2878,3629,3691,24926,5880,5619,1607,4008,658
"2020-08-01",15036,15948,4160,6728,1474,2878,3630,3693,24944,5885,5621,1608,4011,658
"2020-08-02",15045,15952,4161,6732,1477,2878,3631,3696,24954,5886,5621,1609,4012,658
"2020-08-03",15049,15957,4161,6732,1478,2878,3631,3696,24966,5889,5621,1609,4012,658
"2020-08-04",15054,15959,4164,6733,1479,2878,3633,3703,24985,5890,5621,1610,4013,659
"2020-08-05",15071,15974,4169,6736,1486,2878,3637,3765,25001,5895,5622,1610,4016,659
"2020-08-06",15093,15986,4174,6742,1503,2885,3637,3787,25017,5896,5627,1610,4020,660
"2020-08-07",15102,15997,4179,6742,1504,2887,3639,3796,25031,5903,5631,1612,4023,660
"2020-08-08",15109,16002,4180,6744,1506,2887,3642,3816,25055,5905,5631,1613,4030,662
"2020-08-09",15114,16014,4186,6745,1506,2888,3645,3829,25075,5911,5632,1613,4032,663
"2020-08-10",15117,16021,4186,6748,1513,2888,3647,3831,25079,5913,5633,1613,4032,663
"2020-08-11",15119,16035,4189,6749,1515,2889,3647,3841,25100,5919,5634,1614,4038,663
"2020-08-12",15125,16046,4197,6751,1517,2894,3652,3860,25129,5923,5636,1615,4044,665
"2020-08-13",15128,16054,4198,6752,1525,2896,3653,3868,25157,5926,5639,1616,4051,665
"2020-08-14",15135,16066,4204,6753,1535,2904,3654,3872,25187,5929,5647,1617,4057,665
"2020-08-15",15140,16085,4204,6756,1538,2905,3654,3882,25221,5931,5653,1619,4064,667
"2020-08-16",15145,16094,4205,6756,1543,2907,3654,3885,25246,5936,5653,1620,4066,670
"2020-08-17",15151,16098,4215,6756,1544,2907,3655,3886,25256,5939,5654,1620,4072,670
"2020-08-18",15164,16102,4219,6756,1545,2907,3655,3892,25271,5943,5657,1620,4072,670
"2020-08-19",15177,16123,4222,6758,1538,2915,3657,3894,25297,5953,5660,1622,4078,670
"2020-08-20",15204,16146,4234,6761,1541,2917,3659,3912,25344,5960,5660,1625,4084,671
"2020-08-21",15221,16174,4242,6770,1549,2922,3663,3920,25398,5978,5664,1626,4091,674
"2020-08-22",15221,16197,4246,6771,1555,2926,3670,3928,25469,5990,5702,1628,4097,677
"2020-08-23",15253,16243,4260,6775,1558,2932,3677,3932,25558,6006,5707,1628,4110,677
"2020-08-24",15269,16249,4270,6777,1558,2934,3677,3932,25611,6020,5709,1628,4114,678
"2020-08-25",15274,16274,4285,6777,1570,2935,3677,3934,25648,6026,5715,1629,4119,682
"2020-08-26",15288,16347,4294,6788,1576,2940,3682,3938,25750,6041,5724,1630,4124,692
"2020-08-27",15308,16378,4305,6793,1587,2947,3684,3944,25886,6064,5738,1631,4135,700
"2020-08-28",15326,16422,4318,6801,1595,2958,3693,3961,26019,6087,5744,1633,4152,707
"2020-08-29",15344,16457,4332,6806,1604,2966,3696,3968,26159,6114,5752,1633,4162,712
"2020-08-30",15361,16485,4357,6808,1615,2972,3698,3984,26239,6136,5764,1633,4174,714
"2020-08-31",15380,16492,4365,6811,1621,2983,3699,3984,26293,6149,5765,1634,4181,718
"2020-09-01",15391,16535,4372,6816,1633,2985,3700,3992,26407,6159,5775,1634,4195,723
"2020-09-02",15416,16563,4383,6825,1639,2996,3701,3997,26496,6183,5786,1634,4209,726
"2020-09-03",15434,16600,4396,6832,1643,3003,3709,3999,26576,6204,5798,1634,4222,732
"2020-09-04",15460,16636,4409,6839,1647,3011,3710,4031,26720,6237,5808,1635,4236,740
"2020-09-05",15488,16672,4424,6850,1663,3018,3712,4060,26904,6260,5814,1635,4257,750
"2020-09-06",15496,16700,4427,6858,1677,3021,3713,4067,26990,6281,5815,1637,4268,755
"2020-09-07",15508,16714,4427,6861,1685,3023,3714,4067,27037,6300,5816,1637,4269,756
"2020-09-08",15517,16744,4441,6865,1688,3028,3718,4075,27137,6325,5840,1639,4298,770
"2020-09-09",15529,16768,4443,6872,1692,3031,3723,4088,27225,6339,5856,1642,4322,773
"2020-09-10",15540,16785,4450,6879,1714,3037,3727,4094,27316,6361,5870,1646,4348,781
"2020-09-11",15555,16826,4456,6883,1718,3043,3730,4116,27394,6392,5891,1646,4371,784
"2020-09-12",15579,16850,4468,6889,1729,3054,3733,4127,27496,6424,5898,1646,4392,789
"2020-09-13",15597,16877,4497,6897,1735,3056,3741,4134,27584,6458,5910,1648,4405,800
"2020-09-14",15610,16892,4508,6897,1735,3057,3741,4134,27628,6489,5910,1648,4412,803
"2020-09-15",15614,16908,4510,6900,1742,3064,3744,4141,27718,6509,5917,1649,4418,806
"2020-09-16",15618,16922,4512,6902,1757,3066,3758,4151,27778,6524,5923,1649,4431,808
"2020-09-17",15644,16954,4519,6904,1767,3073,3763,4151,27865,6550,5965,1650,4461,814
"2020-09-18",15659,16976,4526,6909,1770,3077,3767,4162,27946,6567,5997,1651,4476,821
"2020-09-19",15670,17013,4535,6911,1780,3085,3770,4167,28035,6604,6011,1655,4488,823
"2020-09-20",15690,17043,4544,6911,1781,3090,3771,4172,28116,6625,6028,1659,4504,824
"2020-09-21",15698,17053,4549,6911,1785,3090,3773,4174,28143,6645,6031,1661,4515,820
"2020-09-22",15709,17056,4552,6908,1808,3092,3774,4179,28219,6657,6066,1663,4521,826
"2020-09-23",15717,17076,4557,6908,1820,3096,3774,4185,28315,6668,6084,1663,4534,829
"2020-09-24",15732,17099,4558,6908,1907,3098,3779,4186,28368,6690,6097,1669,4535,829
"2020-09-25",15746,17133,4568,6915,1829,3099,3781,4194,28560,6718,6120,1671,4566,832
"2020-09-26",15771,17160,4578,6922,1816,3103,3787,4203,28652,6744,6125,1674,4607,846
"2020-09-27",15777,17180,4584,6927,1831,3107,3790,4204,28751,6768,6138,1675,4624,848
"2020-09-28",15785,17194,4585,6928,1823,3108,3791,4206,28821,6782,6142,1675,4635,848
"2020-09-29",15798,17208,4608,6933,1772,3108,3792,4217,28903,6795,6154,1683,4661,894
"2020-09-30",15814,17235,4612,6937,1777,3113,3798,4227,28961,6820,6171,1687,4678,897
"2020-10-01",15832,17260,4621,6938,1780,3114,3806,4232,29129,6842,6191,1688,4717,901
"2020-10-02",15845,17280,4626,6948,1787,3119,3808,4239,29288,6870,6200,1690,4747,911
"2020-10-03",15870,17313,4633,6963,1783,3124,3813,4246,29448,6918,6222,1710,4782,926
"2020-10-04",15879,17341,4636,6969,1787,3128,3815,4248,29608,6968,6244,1712,4798,932
"2020-10-05",15888,17344,4637,6970,1794,3139,3815,4251,29695,7064,6250,1715,4814,940
"2020-10-06",15911,17363,4654,6974,1803,3148,3817,4266,29848,7098,6262,1723,4849,950
"2020-10-07",15948,17415,4699,6979,1817,3153,3829,4280,30030,7132,6308,1727,4903,966
"2020-10-08",15988,17475,4727,6985,1830,3174,3838,4292,30312,7222,6350,1748,4946,982
"2020-10-09",16037,17520,4761,6992,1865,3184,3846,4315,30813,7330,6382,1754,5053,1000
"2020-10-10",16073,17577,4795,7017,1913,3209,3863,4344,31400,7443,6422,1760,5144,1032
"2020-10-11",16102,17649,4831,7052,1945,3222,3880,4354,31860,7586,6525,1771,5202,1045
"2020-10-12",16147,17693,4857,7059,1972,3256,3891,4357,32223,7627,6556,1775,5254,1053
"2020-10-13",16187,17728,4918,7082,1992,3299,3901,4403,32663,7807,6590,1785,5375,1070
"2020-10-14",16233,17809,4985,7112,2065,3328,3924,4445,33695,7957,6691,1799,5485,1116
"2020-10-15",16304,17915,5048,7146,2134,3379,4005,4475,34748,8153,6770,1821,5655,1158
"2020-10-16",16342,18020,5238,7178,2197,3443,4060,4506,36067,8336,6890,1837,5813,1203
"2020-10-17",16411,18103,5409,7203,2272,3510,4106,4562,37455,8622,6993,1874,6031,1243
"2020-10-18",16500,18196,5563,7249,2350,3570,4168,4586,38918,8975,7125,1897,6385,1287
"2020-10-19",16523,18235,5594,7299,2391,3606,4216,4599,39732,9240,7195,1914,6591,1321
"2020-10-20",16568,18336,5673,7316,2440,3663,4260,4687,40786,9363,7249,1947,6836,1355
"2020-10-21",16680,18532,5936,7413,2539,3752,4312,4728,42644,10034,7491,1978,7123,1442
"2020-10-22",16809,18726,6264,7483,2655,3822,4391,4811,44675,10332,7658,2073,7516,1514
"2020-10-23",16931,18963,6470,7585,2763,3953,4499,4898,47074,11084,7889,2117,7817,1602
"2020-10-24",16988,19272,6578,7709,2857,4070,4585,5048,49380,11709,8192,2203,8325,1685
"2020-10-25",17170,19518,6976,7789,3067,4166,4683,5092,51969,12297,8446,2214,9232,1744
"2020-10-26",17283,19695,7117,7839,3169,4280,4741,5114,53992,12736,8555,2249,9337,1826
"2020-10-27",17376,19865,7332,7967,3246,4478,4871,5219,55932,14098,8743,2356,9600,1885
"2020-10-28",17628,20153,7772,8097,3433,4660,4968,5344,58640,14920,9041,2411,11502,1957
"2020-10-29",17763,20535,8345,8235,3586,4801,5061,5449,61851,15850,9358,2587,12422,2022
"2020-10-30",18112,20995,9235,8410,3806,5021,5194,5596,65830,16838,9761,2685,13226,2116
"2020-10-31",18355,21408,9710,8594,3999,5249,5345,5844,69560,18045,10148,2818,14428,2241
"2020-11-01",18545,21871,10195,8775,3901,5540,5483,5961,73255,19240,10582,2895,15666,2442
"2020-11-02",18692,22122,10928,8785,4069,5737,5512,5970,75497,20119,10671,2908,16152,2467
"2020-11-03",18877,22221,11387,8892,4186,5906,5570,6200,78326,20957,10965,3058,17344,2544
"2020-11-04",19117,22808,11844,9044,4281,6136,5699,6388,81939,21855,11279,3193,17951,2657
"2020-11-05",19369,23511,12459,9241,4449,6325,5872,6619,85593,22753,11857,3308,18924,2733
"2020-11-06",19731,24080,13400,9478,4611,6663,5975,6873,89889,23721,12265,3402,20048,2811
"2020-11-07",20113,24790,14291,9734,4818,6946,6182,7232,94409,25359,12815,3537,21270,2940
"2020-11-08",20236,25335,14465,9833,4937,7082,6239,7367,97365,26236,13128,3651,21890,2990
"2020-11-09",20390,25690,14691,9946,4991,7253,6377,7389,99590,27110,13294,3724,22031,3055
"2020-11-10",20797,26009,16047,10079,5210,7527,6484,7720,102926,27970,13601,3876,25112,3128
"2020-11-11",20965,26585,17005,10272,5389,7770,6615,7968,106074,28824,13986,3939,26055,3219
"2020-11-12",21137,27206,17767,10527,5516,7959,6684,8179,110140,29852,14396,4092,27215,3287
"2020-11-13",21588,27829,18504,10773,5704,8201,6948,8516,114591,31088,14907,4144,28428,3370
"2020-11-14",21730,28296,19230,10964,5822,8325,7129,8808,117486,32024,15441,4275,29769,3421
"2020-11-15",22084,28940,19655,11046,5954,8654,7278,9022,120788,33164,15906,4367,30453,3469
"2020-11-16",22261,29168,19848,11152,6016,8812,7302,9041,122314,33928,16001,4378,31176,3511
"2020-11-17",22463,29424,20872,11274,6159,9100,7395,9405,124670,34822,16312,4886,33006,3568
"2020-11-18",22720,29775,21667,11462,6279,9232,7529,9644,127235,35499,16707,4923,34689,3628
"2020-11-19",22995,30331,22312,11689,6377,9429,7693,9828,130163,36372,17113,5109,35346,3685
"2020-11-20",23244,30954,23260,11813,6483,9684,7849,10103,133869,37358,17498,5499,36268,3781
"2020-11-21",23548,31416,23915,12034,6626,9844,7926,10441,137101,38116,17883,5566,38238,3862
"2020-11-22",23677,31612,24231,12123,6675,10041,8063,10583,139309,38959,18094,5784,38564,3895
"2020-11-23",23842,32017,25073,12186,6745,10225,8201,10640,140913,39708,18179,5817,39412,3941
"2020-11-24",23970,32243,25501,12276,6858,10340,8279,11019,142355,40204,18418,5884,40423,4015
"2020-11-25",24123,32634,25877,12395,6947,10489,8404,11158,144616,40573,18725,6061,40886,4070
"2020-11-26",24331,33085,26341,12520,7014,10724,8518,11377,146676,41239,19066,6182,41445,4137
"2020-11-27",24509,33421,26958,12601,7107,10892,8645,11669,148464,41674,19359,6292,42282,4171
"2020-11-28",24759,33781,27406,12698,7163,11060,8762,11878,150212,41875,19628,6355,42867,4215
"2020-11-29",24897,34103,27621,12770,7204,11144,8820,11999,151185,42524,19795,6529,43019,4252
"2020-11-30",25001,34225,27654,12820,7229,11236,8836,12007,152125,42856,19859,6556,43113,4274
"2020-12-01",25130,34384,28547,12861,7277,11344,8947,12133,153010,43068,20089,6597,44149,4303
"2020-12-02",25260,34687,28863,12987,7331,11397,9002,12398,154119,43312,20276,6789,44511,4332
"2020-12-03",25364,34956,29320,13061,7379,11465,9123,12484,155430,43635,20575,6884,44965,4374
"2020-12-04",25606,35398,29657,13183,7453,11586,9212,12752,156893,44096,20855,6966,45455,4436
"2020-12-05",25796,35682,29871,13254,7505,11718,9247,12884,157873,44381,21027,7139,45850,4469
"2020-12-06",25914,36010,29942,13322,7578,11745,9373,13002,158717,44603,21197,7264,45944,4498
"2020-12-07",25986,36120,30197,13335,7616,11874,9376,13005,159158,44782,21226,7277,46207,4512
"2020-12-08",26034,36251,30340,13380,7646,11920,9435,13217,159578,44898,21398,7351,46344,4535
"2020-12-09",26137,36516,30362,13428,7674,11964,9447,13246,159914,45004,21474,7353,46494,4547
"2020-12-10",26216,36747,30492,13478,7702,12018,9540,13366,160546,45180,21656,7370,46769,4573
"2020-12-11",26346,36910,30807,13538,7743,12082,9644,13598,161390,45419,21827,7447,47233,4607
"2020-12-12",26520,37403,31009,13607,7793,12147,9669,13793,162244,45522,22069,7572,47342,4637
